Country,Region
Canada,North America
Germany,Europe
Russia,Northen Eurasia
Romania,Europe
United States,North America
Taiwan,Asia Pacific
Poland,Europe
China,Asia East
New Zealand,South Pacific
Singapore,Asia Pacific
Slovakia,Europe
South Korea,Asia Pacific
Japan,Asia Pacific
Netherlands,Europe
Australia,South Pacific
Belarus,Northen Eurasia
Brazil,Latin America
Argentina,Latin America
Bangladesh,Asia West
Mexico,Latin America
Morocco,Africa and the Middle East
Hong Kong,Asia East
Czechia,Europe
Spain,Europe
Sweden,Europe
South Africa,Africa and the Middle East
Venezuela,Latin America
North Macedonia,Europe
Iran,Asia West
India,Asia West
Egypt,Africa and the Middle East
Estonia,Europe
Bulgaria,Europe
France,Europe
Ukraine,Northen Eurasia
Kyrgyzstan,Northen Eurasia
Norway,Europe
Philippines,Asia Pacific
Colombia,Asia Pacific
Kazakhstan,Northen Eurasia
Viet Nam,Asia Pacific
Austria,Europe
Indonesia,Asia Pacific
Chile,Latin America
Croatia,Europe
Finland,Europe
United Kingdom,Europe
North Korea,Asia East
Georgia,Europe
Cuba,Latin America
Lebanon,Africa and the Middle East
Switzerland,Europe
Peru,Latin America
United Arab Emirates,Africa and the Middle East
Bolivia,Latin America
Saudi Arabia,Africa and the Middle East
Latvia,Northen Eurasia
Dominican Republic,Latin America
Malaysia,Asia Pacific
Lithuania,Northen Eurasia
Syria,Africa and the Middle East
Uzbekistan,Northen Eurasia
Jordan,Africa and the Middle East
Denmark,Europe
Thailand,Asia Pacific
Armenia,Northen Eurasia
Turkey,Europe
Pakistan,Asia West
Italy,Europe
Costa Rica,Latin America
Myanmar,Asia Pacific
Serbia,Europe
Portugal,Europe
Tunisia,Africa and the Middle East
Afghanistan,Asia West
Ethiopia,Africa and the Middle East